ADDRESS,CASE_NUM,CD,INSPECTOR_NAME,AREA,BUILDING_TYPE,APPROVED_USE,ASSIGNED_TO,BUILDING_SIZE,ABATE_EFFECTIVE
9613 S HOBART BLVD,978599,8,NEVILLE REID,III,V,SFD,Code: CNA,16 X 19,02/08/2023
923 S BROXTON AVE,976958,5,RYAN TAGUINES,II,*****,,Code: CNA,0 X 0,01/23/2023
615 E 37TH ST,993797,9,GABRIEL HERRERA,II,*****,,Code: CNA,0 X 0,09/29/2023
4151 S BROADWAY,991651,9,GABRIEL HERRERA,II,*****,,Code: CNA,0 X 0,09/15/2023
1611 S BEDFORD ST,335122,5,JAIME RIOS,II,V,DUPLEX,Code: CNA,0 X 0,10/30/2009
2800 N GLENDALE BLVD,993625,4,GLEN RAND,II,*****,,Code: CNA,0 X 0,09/26/2023
2400 W FLORENCE AVE,203631,8,NEVILLE REID,III,*****,COMMERCIAL,Code: CNA,0 X 0,06/11/2007
4082 S MAIN ST,902329,9,GABRIEL HERRERA,II,V,DUPLEX,Code: CNA,0 X 0,02/05/2021
8936 S WESTERN AVE,980594,8,NEVILLE REID,III,V,COMMERCIAL,Code: CNA,52 X 52,03/02/2023
6320 S MAIN ST,967572,9,NEVILLE REID,III,*****,,Code: CNA,0 X 0,08/22/2022
5507 E NORDYKE ST,979545,14,GABRIEL HERRERA,III,V,SFD,Code: CNA,34 X 24,02/17/2023
3719 S WESTERN AVE,993621,8,JAIME RIOS,II,III,COMMERCIAL,Code: CNA,22 X 42,09/26/2023
4959 N SEPULVEDA BLVD,971803,4,RICHARD SIMONS,I,*****,,Code: CNA,0 X 0,10/18/2022
657 E FLOWER AVE,972666,11,JAIME RIOS,II,V,SFD,Code: CNA,0 X 0,11/02/2022
6301 S BROADWAY,950992,9,NEVILLE REID,III,II-FR,COMMERCIAL,Code: CNA,27 X 60,03/24/2022
667 E BROADWAY,813991,11,JAIME RIOS,II,V,SFD,Code: CNA,25 X 30,05/04/2018
1563 E 108TH ST,760516,15,NEVILLE REID,III,V,SFD,Code: CNA,0 X 0,04/17/2017
4719 S WESTERN AVE,993499,8,NEVILLE REID,II,V,MIXED USE,Code: CNA,51 X 70,09/21/2023
4182 S VERMONT AVE,972345,9,GABRIEL HERRERA,II,*****,,Code: CNA,0 X 0,10/25/2022
6710 S WESTERN AVE,103274,8,NEVILLE REID,III,V,COMMERCIAL,Code: CNA,32 X 60,08/18/1995
2741 W BEVERLY BLVD,966940,13,GABRIEL HERRERA,II,V,COMMERCIAL,Code: CNA,46 X 30,08/15/2022
725 W SEPULVEDA ST,250245,15,NEVILLE REID,III,V,SFD,Code: CNA,0 X 0,02/11/2009
11361 W HATTERAS ST,993967,2,GLEN RAND,I,*****,,Code: CNA,0 X 0,10/05/2023
7571 W MULHOLLAND DR,972657,4,RICHARD SIMONS,I,*****,,Code: CNA,0 X 0,10/31/2022
9043 S RAMSGATE AVE,865117,11,JAIME RIOS,III,V,APT,Code: CNA,40 X 50,06/18/2019
7934 N MCLAREN AVE,890201,12,RICHARD SIMONS,I,*****,SFD,Code: CNA,0 X 0,01/13/2020
803 W 133RD ST,899189,15,NEVILLE REID,III,*****,,Code: CNA,0 X 0,06/09/2020
854 W EL SEGUNDO BLVD,950852,15,NEVILLE REID,III,V,COMMERCIAL,Code: CNA,100 X 50,03/22/2022
6110 N ELLENVIEW AVE,866180,3,RICHARD SIMONS,I,V,SFD,Code: CNA,0 X 0,06/25/2019
214 E HORIZON AVE,369440,11,JAIME RIOS,II,V,SFD,Code: CNA,28 X 35,03/11/2010
734 S HARTFORD AVE,993810,1,GABRIEL HERRERA,II,*****,,Code: CNA,0 X 0,09/29/2023
828 E FLORENCE AVE,993375,9,NEVILLE REID,III,*****,,Code: CNA,0 X 0,09/19/2023
10721 S BROADWAY,905403,8,RYAN TAGUINES,III,*****,,Code: PPRT,0 X 0,08/03/2022
1127 N WEST EDGEWARE ROAD,812772,1,GABRIEL HERRERA,II,V,SFD,Code: CNA,32 X 36,04/27/2018
4911 S 9TH AVE,819728,8,NEVILLE REID,II,V,SFD,Code: CNA,30 X 40,07/12/2018
3355 W OLYMPIC BLVD,993369,5,JAIME RIOS,II,*****,,Code: CNA,0 X 0,09/19/2023
9302 W EXPOSITION BLVD,974191,5,JAIME RIOS,II,*****,,Code: CNA,0 X 0,11/28/2022
12630 W STANWOOD PL,276763,11,JAIME RIOS,II,V,SFD,Code: CNA,0 X 0,05/12/2009
1921 S FEDERAL AVE,993312,11,JAIME RIOS,II,V,DUPLEX,Code: CNA,27 X 27,09/18/2023
10551 W SANTA MONICA BLVD,393667,5,JAIME RIOS,II,IV,COMMERCIAL,Code: CNA,40 X 90,09/28/2010
7444 N OAK PARK AVE,980820,6,RICHARD SIMONS,I,V,SFD,Code: CNA,35 X 40,03/03/2023
4251 N BEEMAN AVE,984414,4,RICHARD SIMONS,I,V,SFD,Code: CNA,0 X 0,04/14/2023
3608 E PRIMAVERA AVE,290223,1,GABRIEL HERRERA,III,*****,SFD,Code: CNA,0 X 0,06/04/2009
8809 N SUNLAND BLVD,952884,6,GLEN RAND,I,V,COMMERCIAL,Code: CNA,0 X 0,09/21/2023
14715 W KILLION ST,542639,4,RICHARD SIMONS,I,V,SFD,Code: CNA,30 X 30,02/19/2014
1657 N BURNELL DR,294108,1,GABRIEL HERRERA,III,V,SFD,Code: CNA,0 X 0,07/01/2009
5457 N ENCINO AVE,188491,5,RICHARD SIMONS,I,V,SFD,Code: CNA,50 X 65,12/16/2008
1817 N RIAL LANE,806041,5,JAIME RIOS,II,*****,SFD,Code: CNA,0 X 0,03/05/2018
10965 S HOOVER ST,721417,8,NEVILLE REID,III,*****,SFD,Code: CNA,0 X 0,05/27/2016
1426 W 90TH PL,993368,8,NEVILLE REID,III,V,SFD,Code: CNA,26 X 35,09/19/2023
11222 W VENTURA BLVD,476208,2,GLEN RAND,I,V,COMMERCIAL,Code: CNA,0 X 0,09/15/2023
16541 W BOSQUE DR,993089,4,RICHARD SIMONS,I,*****,,Code: CNA,0 X 0,09/15/2023
728 S HARTFORD AVE,907347,1,GABRIEL HERRERA,II,*****,DUPLEX,Code: CNA,0 X 0,04/07/2021
6218 N LAUREL CANYON BLVD,993803,2,GLEN RAND,I,*****,,Code: CNA,0 X 0,09/29/2023
3802 S REDONDO BLVD,982196,10,JAIME RIOS,II,*****,SFD,Code: CNA,0 X 0,03/17/2023
701 W 80TH ST,993890,8,NEVILLE REID,III,V,SFD,Code: CNA,20 X 40,10/05/2023
4801 W JEFFERSON BLVD,983583,10,JAIME RIOS,II,I,COMMERCIAL,Code: CNA,120 X 40,03/31/2023
1835 S GREENFIELD AVE,993274,5,JAIME RIOS,II,*****,,Code: CNA,0 X 0,09/15/2023
8212 S WESTERN AVE,972351,8,NEVILLE REID,III,V,COMMERCIAL,Code: CNA,60 X 20,02/01/2023
830 E FLORENCE AVE,993383,9,NEVILLE REID,III,*****,,Code: CNA,0 X 0,09/19/2023
1044 W 46TH ST,715870,9,NEVILLE REID,II,V,SFD,Code: CNA,30 X 40,04/15/2016
13217 W FILMORE ST,808117,7,RICHARD SIMONS,I,*****,SFD,Code: CNA,0 X 0,03/21/2018
1330 W 48TH ST,895642,9,NEVILLE REID,II,V,SFD,Code: CNA,28 X 47,03/11/2020
8724 S RAMSGATE AVE,844339,11,JAIME RIOS,III,V,APT,Code: CNA,35 X 55,02/08/2019
1706 E 41ST PL,971532,9,GABRIEL HERRERA,II,V,,Code: CNA,0 X 0,10/11/2022
12326 W GREENE AVE,747957,11,JAIME RIOS,II,V,APT,Code: CNA,45 X 100,01/05/2017
1264 W 83RD ST,778949,8,NEVILLE REID,III,V,DUPLEX,Code: CNA,0 X 0,08/01/2017
426 E GRAND BLVD,775041,11,JAIME RIOS,II,V,DUPLEX,Code: CNA,0 X 0,07/10/2017
911 E 25TH ST,971523,9,GABRIEL HERRERA,II,*****,,Code: CNA,0 X 0,10/11/2022
9219 S CENTRAL AVE,970566,9,NEVILLE REID,III,V,,Code: CNA,50 X 25,09/28/2022
841 W 51ST ST,100136,9,NEVILLE REID,II,V,SFD,Code: CNA,0 X 0,08/19/2005
1424 W SLAUSON AVE,917586,8,NEVILLE REID,III,V,COMMERCIAL,Code: CNA,30 X 90,06/14/2021
8947 N MERCEDES AVE,403002,6,RICHARD SIMONS,I,V,SFD,Code: CNA,0 X 0,12/22/2010
1707 N BENEDICT CANYON DR,389464,5,JAIME RIOS,II,V,SFD,Code: CNA,40 X 45,08/31/2010
4357 W VICTORIA PARK DR,931243,10,JAIME RIOS,II,*****,SFD,Code: CNA,0 X 0,09/20/2021
1734 E WASHINGTON BLVD,706988,9,GABRIEL HERRERA,II,V,MIXED USE,Code: CNA,36 X 50,01/12/2016
401 S LINCOLN BLVD,884980,11,JAIME RIOS,II,*****,COMMERCIAL,Code: CNA,0 X 0,11/05/2019
15354 W ARCHWOOD ST,941374,6,RICHARD SIMONS,I,V,SFD,Code: CNA,35 X 61,12/03/2021
15754 W MAGNOLIA BLVD,674927,5,RICHARD SIMONS,I,V,SFD,Code: CNA,55 X 65,03/06/2015
643 S VERMONT AVE,892795,10,GABRIEL HERRERA,II,*****,COMMERCIAL,Code: CNA,0 X 0,02/14/2020
1051 W 190TH ST,839379,15,NEVILLE REID,III,V,COMMERCIAL,Code: CNA,0 X 0,01/07/2019
1222 W BELLEVUE AVE,102240,1,GABRIEL HERRERA,II,V,DUPLEX,Code: CNA,36 X 60,10/14/2003
6257 N LINDLEY AVE,983924,3,RICHARD SIMONS,I,V,SFD,Code: CNA,38 X 52,04/14/2023
6710 S WESTERN AVE,103274,8,NEVILLE REID,III,V,COMMERCIAL,Code: CNA,32 X 60,11/03/2008
554 S SOTO ST,102004,14,GABRIEL HERRERA,I,V,COMMERCIAL,Code: CNA,0 X 0,09/02/2003
2501 S MAIN ST,887455,9,GABRIEL HERRERA,II,III,COMMERCIAL,Code: CNA,0 X 0,11/29/2019
7011 N TOPANGA CANYON BLVD,966588,3,RICHARD SIMONS,I,*****,,Code: CNA,43 X 66,08/09/2022
11508 N GLENOAKS BLVD,505578,7,RICHARD SIMONS,I,V,SFD,Code: CNA,0 X 0,07/22/2013
5923 S HAAS AVE,896160,8,NEVILLE REID,III,V,SFD,Code: CNA,31 X 42,03/14/2020
8431 N GEYSER AVE,172991,12,RICHARD SIMONS,I,V,SFD,Code: CNA,0 X 0,05/09/2006
6900 N MCLENNAN AVE,187790,6,RICHARD SIMONS,I,V,SFD,Code: CNA,0 X 0,01/16/2007
4213 S CRENSHAW BLVD,970924,8,JAIME RIOS,II,*****,DUPLEX,Code: CNA,0 X 0,10/03/2022
800 N LA JOLLA AVE,817761,5,JAIME RIOS,II,*****,DUPLEX,Code: CNA,0 X 0,10/19/2023
800 N LA JOLLA AVE,817761,5,JAIME RIOS,II,*****,DUPLEX,Code: CNA,0 X 0,10/19/2023
800 N LA JOLLA AVE,817761,5,JAIME RIOS,II,*****,DUPLEX,Code: CNA,0 X 0,06/14/2018
929 E ROBIDOUX ST,207880,15,NEVILLE REID,III,V,SFD,Code: CNA,27 X 30,08/21/2007
771 E PICO BLVD,867916,14,GABRIEL HERRERA,II,III,COMMERCIAL,Code: CNA,80 X 115,07/04/2019
330 N VERMONT AVE,778700,13,GABRIEL HERRERA,II,*****,COMMERCIAL,Code: CNA,0 X 0,08/01/2017
16405 W DEVONSHIRE ST,994803,12,RICHARD SIMONS,I,*****,,Code: CNA,0 X 0,11/02/2023
7101 N SEPULVEDA BLVD,98483,6,RICHARD SIMONS,I,III,COMMERCIAL,Code: CNA,45 X 155,10/24/2018
2227 S CENTRAL AVE,994222,9,GABRIEL HERRERA,II,*****,,Code: CNA,0 X 0,10/12/2023
1123 W 43RD ST,994209,9,GABRIEL HERRERA,II,V,DUPLEX,Code: CNA,31 X 27,10/12/2023
1029 S FEDORA ST,218269,1,GABRIEL HERRERA,II,*****,SFD,Code: CNA,0 X 0,03/10/2008
4922 N BREWSTER DR,215196,3,RICHARD SIMONS,I,V,SFD,Code: CNA,0 X 0,01/10/2008
2806 N EASTERN AVE,680356,14,GABRIEL HERRERA,I,V,SFD,Code: CNA,20 X 35,05/18/2015
1454 W 59TH PL,900877,8,NEVILLE REID,III,V,SFD,Code: CNA,24 X 26,09/08/2020
1127 W 43RD ST,994210,9,GABRIEL HERRERA,II,V,DUPLEX,Code: CNA,31 X 27,10/12/2023
813 E 108TH ST,174047,8,NEVILLE REID,III,V,COMMERCIAL,Code: CNA,28 X 93,07/21/2006
18137 W PARTHENIA ST,702556,12,RICHARD SIMONS,I,V,SFD,Code: CNA,35 X 35,11/20/2015
3752 S VETERAN AVE,994042,5,JAIME RIOS,II,V,SFD,Code: CNA,29 X 60,10/09/2023
191 E VERNON AVE,742721,9,NEVILLE REID,II,V,COMMERCIAL,Code: CNA,30 X 80,05/02/2022
645 N GARDNER ST,992520,5,JAIME RIOS,II,V,SFD,Code: CNA,55 X 34,10/04/2023
14246 W VICTORY BLVD,963798,6,RICHARD SIMONS,I,*****,,Code: CNA,0 X 0,07/06/2022
10172 N VENA AVE,984174,6,RICHARD SIMONS,I,V,SFD,Code: CNA,35 X 40,04/14/2023
2706 W WILSHIRE BLVD,983165,1,GABRIEL HERRERA,II,I,COMMERCIAL,Code: CNA,140 X 132,03/28/2023
1317 S HOPE ST,994968,14,GABRIEL HERRERA,II,*****,,Code: CNA,0 X 0,11/03/2023
20320 S WESTERN AVE,896083,15,NEVILLE REID,III,V,COMMERCIAL,Code: CNA,53 X 44,03/16/2020
411 E 5TH ST,970209,14,JAIME RIOS,II,V,CHURCH,Code: CNA,40 X 150,09/21/2022
5057 N LANKERSHIM BLVD,994676,2,GLEN RAND,I,*****,,Code: CNA,0 X 0,10/23/2023
420 E LINNIE CL,253325,11,JAIME RIOS,II,V,SFD,Code: CNA,0 X 0,03/06/2009
2945 W AVENUE 35,995126,13,GLEN RAND,III,*****,,Code: CNA,0 X 0,11/08/2023
10414 S FIGUEROA ST,965640,8,NEVILLE REID,III,V,APT,Code: CNA,44 X 60,07/28/2022
1125 W 6TH ST,994152,1,GABRIEL HERRERA,II,I,COMMERCIAL,Code: CNA,110 X 200,10/11/2023
5852 N CORBIN AVE,994666,3,RICHARD SIMONS,I,*****,,Code: CNA,0 X 0,10/30/2023
2210 W 12TH ST,101671,1,GABRIEL HERRERA,II,V,APT,Code: CNA,35 X 45,06/23/2003
734 S HARTFORD AVE,993810,1,GABRIEL HERRERA,II,*****,,Code: CNA,0 X 0,11/07/2023
2341 E SHERIDAN ST,995824,14,GABRIEL HERRERA,I,*****,,Code: CNA,0 X 0,11/28/2023
231 W 16TH ST,895090,15,NEVILLE REID,III,V,SFD,Code: CNA,20 X 30,03/04/2020
1650 W 20TH ST,956900,1,GABRIEL HERRERA,II,V,,Code: CNA,100 X 35,05/17/2022
8110 N PONCE AVE,884775,12,RICHARD SIMONS,I,V,SFD,Code: CNA,0 X 0,12/09/2019
5130 E MONTE VISTA ST,102491,1,GABRIEL HERRERA,I,V,SFD,Code: CNA,23 X 47,02/11/2003
325 N NORMANDIE AVE,995891,13,JAIME RIOS,II,*****,,Code: CNA,0 X 0,12/05/2023
20259 W LANARK ST,965198,3,RICHARD SIMONS,I,V,,Code: CNA,0 X 0,07/25/2022
226 S UNION AVE,995687,1,GABRIEL HERRERA,II,*****,,Code: CNA,0 X 0,11/23/2023
1624 N SCHRADER BLVD,995814,13,GLEN RAND,II,*****,,Code: CNA,0 X 0,11/28/2023
959 S CRENSHAW BLVD,996076,5,JAIME RIOS,II,*****,,Code: CNA,0 X 0,12/08/2023
2647 N PASADENA AVE,977043,1,GABRIEL HERRERA,I,V,APT,Code: CNA,32 X 142,01/26/2023
6710 S WESTERN AVE,103274,8,NEVILLE REID,III,V,COMMERCIAL,Code: CNA,32 X 60,01/31/2001
630 S WILTON PL,949474,10,JAIME RIOS,II,V,SFD,Code: CNA,40 X 40,03/07/2022
726 E ROSE AVE,995595,11,JAIME RIOS,II,V,COMMERCIAL,Code: CNA,0 X 0,11/21/2023
9115 S HOBART BLVD,970266,8,NEVILLE REID,III,V,SFD,Code: CNA,30 X 50,09/21/2022
6112 S ST ANDREWS PL,323862,8,EUSEBIO GUZMAN,III,V,WAREHOUSE,Code: GEN-S,60 X 97,10/08/2009
9320 N HASKELL AVE,516018,12,RICHARD SIMONS,I,V,SFD,Code: CNA,60 X 80,10/14/2013
252 S JUNE ST,367787,4,JAIME RIOS,II,V,SFD,Code: CNA,0 X 0,03/03/2010
16366 W ROYAL HILLS DR,859465,5,RICHARD SIMONS,I,V,SFD,Code: CNA,0 X 0,05/14/2019
11287 W CHALON ROAD,425817,5,JAIME RIOS,II,V,SFD,Code: CNA,50 X 80,08/15/2011
2653 N PASADENA AVE,977045,1,GABRIEL HERRERA,I,V,SFD,Code: CNA,28 X 28,01/26/2023
13906 W OXNARD ST,864809,2,RICHARD SIMONS,I,V,SFD,Code: CNA,0 X 0,06/17/2019
7824 S SAN PEDRO ST,508282,9,NEVILLE REID,III,*****,SFD,Code: CNA,0 X 0,08/16/2013
1200 W 37TH DR,975904,8,GABRIEL HERRERA,II,*****,,Code: CNA,0 X 0,01/06/2023
11905 W WILSHIRE BLVD,996033,11,JAIME RIOS,II,III,COMMERCIAL,Code: CNA,51 X 148,12/07/2023
13921 W VANOWEN ST,985591,2,RICHARD SIMONS,I,*****,,Code: CNA,0 X 0,05/03/2023
1627 S BEACON ST,657310,15,NEVILLE REID,III,*****,SFD,Code: CNA,0 X 0,01/24/2020
13022 N DRONFIELD AVE,995725,7,RICHARD SIMONS,I,*****,,Code: CNA,0 X 0,11/27/2023
21618 W VALERIO ST,995707,3,RICHARD SIMONS,I,*****,,Code: CNA,0 X 0,11/24/2023
14557 W ORO GRANDE ST,995262,7,RICHARD SIMONS,I,*****,,Code: CNA,0 X 0,11/16/2023
70 E NORTH VENICE BLVD,217840,11,JAIME RIOS,II,V,MIXED USE,Code: CNA,0 X 0,03/04/2008
8716 S RAMSGATE AVE,844804,11,JAIME RIOS,III,V,APT,Code: CNA,35 X 80,02/11/2019
4735 W WASHINGTON BLVD,244376,10,JAIME RIOS,II,V,SFD,Code: CNA,0 X 0,12/30/2008
742 E 31ST ST,995710,9,GABRIEL HERRERA,II,*****,,Code: CNA,0 X 0,11/23/2023
1323 S PACIFIC AVE,985076,15,NEVILLE REID,III,V,COMMERCIAL,Code: CNA,40 X 100,04/21/2023
10215 S CENTRAL AVE,680897,8,NEVILLE REID,III,V,COMMERCIAL,Code: CNA,50 X 75,05/16/2015
4726 W ELMWOOD AVE,995943,13,JAIME RIOS,II,V,APT,Code: CNA,0 X 0,12/06/2023
1222 W BELLEVUE AVE,102240,1,GABRIEL HERRERA,II,V,DUPLEX,Code: CNA,36 X 60,09/25/2006
3604 E PRIMAVERA AVE,290222,1,GABRIEL HERRERA,III,*****,SFD,Code: CNA,0 X 0,06/04/2009
4045 E GLENALBYN DR,995880,1,GABRIEL HERRERA,I,*****,,Code: CNA,0 X 0,12/05/2023
5617 N KLUMP AVE,995131,2,GLEN RAND,I,V,APT,Code: CNA,59 X 80,11/09/2023
11240 S SOUTHWEST BLVD,995791,8,NEVILLE REID,III,*****,,Code: CNA,0 X 0,12/05/2023
3617 E FLORA AVE,102072,1,GABRIEL HERRERA,I,V,SFD,Code: CNA,20 X 34,05/05/2003
6152 E MESA AVE,995451,1,GABRIEL HERRERA,I,*****,,Code: CNA,0 X 0,11/15/2023
993 S SCHUMACHER DR,401857,5,JAIME RIOS,II,V,SFD,Code: CNA,30 X 35,12/06/2010
6037 N FIGUEROA ST,995829,1,GABRIEL HERRERA,I,*****,,Code: CNA,0 X 0,11/28/2023
5457 N ENCINO AVE,188491,5,RICHARD SIMONS,I,V,SFD,Code: CNA,50 X 65,07/25/2008
11967 W MAYFIELD AVE,995008,11,JAIME RIOS,,V,SFD,Code: CNA,64 X 30,11/06/2023
1829 S HOBART BLVD,926597,10,JAIME RIOS,II,*****,SFD,Code: CNA,0 X 0,08/23/2021
652 N CAHUENGA BLVD,995421,5,JAIME RIOS,II,*****,,Code: CNA,0 X 0,11/15/2023
5535 N TUJUNGA AVE,711230,2,RICHARD SIMONS,I,V,COMMERCIAL,Code: CNA,0 X 0,02/16/2016
410 E ANAHEIM ST,105023,15,NEVILLE REID,III,V,HOTEL/MOTEL,Code: CNA,39 X 105,01/13/2004
500 S LUCAS AVE,924315,1,GABRIEL HERRERA,II,*****,COMMERCIAL,Code: CNA,0 X 0,08/13/2021
14526 W VICTORY BLVD,967318,6,RICHARD SIMONS,I,I,,Code: CNA,80 X 60,08/18/2022
10377 N RINCON AVE,976056,7,RICHARD SIMONS,I,*****,,Code: CNA,0 X 0,01/18/2023
3801 S GRAND AVE,947796,9,GABRIEL HERRERA,II,*****,,Code: CNA,0 X 0,02/15/2022
16421 W MARBRO DR,757392,5,RICHARD SIMONS,I,V,SFD,Code: CNA,70 X 80,03/17/2017
1150 W WILSHIRE BLVD,970969,1,GABRIEL HERRERA,II,*****,,Code: CNA,0 X 0,10/03/2022
1222 W BELLEVUE AVE,102240,1,GABRIEL HERRERA,II,V,DUPLEX,Code: CNA,36 X 60,09/05/2007
1420 W SLAUSON AVE,917579,8,NEVILLE REID,III,V,COMMERCIAL,Code: CNA,30 X 30,06/14/2021
7403 S BROADWAY,294223,9,DANIEL GUEVARA,III,III,COMMERCIAL,Code: GEN-S,50 X 65,08/04/2009
1064 S CALZONA ST,505086,14,GABRIEL HERRERA,I,V,SFD,Code: CNA,22 X 42,07/22/2013
14665 W ROSCOE BLVD,99399,6,RICHARD SIMONS,I,III,RETAIL,Code: CNA,325 X 325,11/09/2001
310 E 80TH ST,996217,9,NEVILLE REID,III,V,SFD,Code: CNA,24 X 26,12/14/2023
3614 E PRIMAVERA AVE,290226,1,GABRIEL HERRERA,III,*****,SFD,Code: CNA,0 X 0,06/04/2009
1529 E 1ST ST,963572,14,GABRIEL HERRERA,III,III,COMMERCIAL,Code: CNA,0 X 0,07/11/2022
403 N ROBINWOOD DR,457818,11,JAIME RIOS,II,V,SFD,Code: CNA,60 X 40,04/06/2012
1745 W 58TH ST,954359,8,NEVILLE REID,II,V,SFD,Code: CNA,34 X 35,04/22/2022
12127 S FIGUEROA ST,996645,15,NEVILLE REID,III,V,HOTEL/MOTEL,Code: CNA,138 X 32,12/25/2023
3025 N BENEDICT CANYON DR,757914,5,JAIME RIOS,II,V,SFD,Code: CNA,60 X 75,03/23/2017
6251 S HOOVER ST,996462,9,NEVILLE REID,III,V,COMMERCIAL,Code: CNA,58 X 34,12/21/2023
11332 S WILMINGTON AVE,784092,15,NEVILLE REID,III,*****,COMMERCIAL,Code: CNA,0 X 0,09/05/2017
5262 N CLEON AVE,996699,2,GLEN RAND,I,*****,,Code: CNA,0 X 0,12/28/2023
3109 S WESTERN AVE,948902,10,JAIME RIOS,II,V,COMMERCIAL,Code: CNA,25 X 80,02/28/2022
242 W 87TH PL,500939,8,NEVILLE REID,III,*****,SFD,Code: CNA,0 X 0,06/07/2013
8623 S BROADWAY,875269,8,NEVILLE REID,III,III,COMMERCIAL,Code: CNA,50 X 150,08/20/2019
4307 E WEST ROSE HILL DR,226848,14,GABRIEL HERRERA,I,*****,SHED,Code: CNA,0 X 0,05/15/2008
11716 W RIVERSIDE DR,188752,2,RICHARD SIMONS,I,V,SFD,Code: CNA,30 X 30,02/05/2007
711 N FORMOSA AVE,996643,5,JAIME RIOS,II,V,DUPLEX,Code: CNA,30 X 40,12/25/2023
467 N WALKER AVE,210923,15,NEVILLE REID,III,V,SFD,Code: CNA,0 X 0,09/08/2011
324 N FIRMIN ST,996598,1,GABRIEL HERRERA,II,*****,,Code: CNA,0 X 0,12/22/2023
1106 W 42ND ST,155764,9,GABRIEL HERRERA,II,V,APT,Code: CNA,38 X 66,10/31/2005
1222 W BELLEVUE AVE,102240,1,GABRIEL HERRERA,II,V,DUPLEX,Code: CNA,36 X 60,08/26/2005
8241 N CANOGA AVE,982559,3,RICHARD SIMONS,I,V,COMMERCIAL,Code: CNA,0 X 0,03/17/2023
1035 S COCHRAN AVE,854142,4,JAIME RIOS,II,V,SFD,Code: CNA,35 X 45,04/16/2019
7101 N SEPULVEDA BLVD,98483,6,RICHARD SIMONS,I,III,COMMERCIAL,Code: CNA,45 X 155,09/03/2002
6914 N BECK AVE,292064,2,GLEN RAND,I,V,COMMERCIAL,Code: CNA,0 X 0,01/01/2024
814 N STATE ST,980399,14,GABRIEL HERRERA,I,V,MIXED USE,Code: CNA,16 X 53,02/24/2023
8745 N PARTHENIA PL,849457,6,RICHARD SIMONS,I,V,COMMERCIAL,Code: CNA,30 X 100,03/13/2019
503 W ATHENS BLVD,996634,15,NEVILLE REID,III,*****,HOTEL/MOTEL,Code: CNA,113 X 40,12/25/2023
1854 W CENTURY BLVD,958475,8,NEVILLE REID,III,*****,SFD,Code: CNA,0 X 0,06/01/2022
2618 W MARTIN LUTHER KING BLVD,996334,10,JAIME RIOS,II,*****,,Code: CNA,0 X 0,12/14/2023
6825 N VARNA AVE,996134,2,RICHARD SIMONS,I,*****,,Code: CNA,0 X 0,12/14/2023
3095 N GEORGE ST,369314,1,GABRIEL HERRERA,I,V,SFD,Code: CNA,30 X 45,03/09/2010
5937 N VINELAND AVE,996095,2,GLEN RAND,I,*****,,Code: CNA,0 X 0,12/12/2023
742 E 31ST ST,995710,9,GABRIEL HERRERA,II,*****,,Code: CNA,0 X 0,12/28/2023
1259 S LONGWOOD AVE,854137,10,JAIME RIOS,II,V,DUPLEX,Code: CNA,30 X 40,04/15/2019
1831 N BENEDICT CANYON DR,797379,5,JAIME RIOS,II,V,SFD,Code: CNA,30 X 45,12/13/2017
191 E VERNON AVE,742721,9,NEVILLE REID,II,V,COMMERCIAL,Code: CNA,30 X 80,11/09/2016
4831 N GLORIA AVE,198522,5,RICHARD SIMONS,I,V,SFD,Code: CNA,25 X 35,04/05/2007
1858 W 78TH PL,754345,8,NEVILLE REID,III,*****,SFD,Code: CNA,0 X 0,03/06/2017
10710 S MAIN ST,958004,8,NEVILLE REID,III,V,COMMERCIAL,Code: CNA,34 X 34,05/27/2022
1212 W 13TH ST,978080,15,NEVILLE REID,III,V,SFD,Code: CNA,0 X 0,02/06/2023
6140 W HOLLYWOOD BLVD,996869,13,GLEN RAND,II,*****,,Code: CNA,0 X 0,01/08/2024
1249 N GOWER ST,996889,13,GLEN RAND,II,*****,,Code: CNA,0 X 0,01/08/2024
4211 S CRENSHAW BLVD,995774,8,JAIME RIOS,II,III,COMMERCIAL,Code: CNA,0 X 0,12/19/2023
7615 N RESEDA BLVD,717018,3,RICHARD SIMONS,I,V,RESTAURANT,Code: CNA,25 X 50,05/04/2016
6212 S WEST BLVD,835746,8,NEVILLE REID,III,V,MIXED USE,Code: CNA,40 X 75,11/27/2018
1483 W 186TH ST,890830,15,NEVILLE REID,III,V,SFD,Code: CNA,61 X 41,01/21/2020
5437 W LEMON GROVE AVE,996604,13,JAIME RIOS,II,V,DUPLEX,Code: CNA,35 X 50,12/22/2023
504 E MONTECITO DR,257375,1,GABRIEL HERRERA,III,*****,SFD,Code: CNA,0 X 0,03/26/2009
123 N HARVARD BLVD,992227,10,JAIME RIOS,II,*****,,Code: CNA,0 X 0,12/11/2023
2444 N WESTRIDGE ROAD,793386,11,JAIME RIOS,II,V,SFD,Code: CNA,40 X 60,12/06/2017
1346 W 5TH ST,924823,1,GABRIEL HERRERA,II,*****,COMMERCIAL,Code: CNA,0 X 0,08/13/2021
3930 S OLMSTED AVE,975107,10,JAIME RIOS,II,V,SFD,Code: CNA,0 X 0,12/20/2022
1018 W BARTLETT ST,975901,1,GABRIEL HERRERA,II,V,SFD,Code: CNA,15 X 46,01/04/2023
22255 W MULHOLLAND DR,395465,3,RICHARD SIMONS,I,V,SFD,Code: CNA,30 X 45,10/14/2010
1627 S SAN PEDRO ST,902608,14,GABRIEL HERRERA,II,*****,COMMERCIAL,Code: CNA,65 X 150,02/12/2021
191 E VERNON AVE,742721,9,NEVILLE REID,II,V,COMMERCIAL,Code: CNA,30 X 80,03/30/2022
18556 W VENTURA BLVD,972750,3,RICHARD SIMONS,I,*****,,Code: CNA,0 X 0,11/09/2022
1114 N OBAN DR,806233,1,GABRIEL HERRERA,I,V,SFD,Code: CNA,38 X 46,03/08/2018
4213 S CRENSHAW BLVD,970919,8,JAIME RIOS,II,*****,COMMERCIAL,Code: CNA,0 X 0,10/03/2022
4527 E ZANE ST,711226,14,GABRIEL HERRERA,I,V,SFD,Code: CNA,30 X 40,02/18/2016
9033 S RAMSGATE AVE,865110,11,JAIME RIOS,III,V,APT,Code: CNA,40 X 50,06/18/2019
17745 W RIDGEWAY ROAD,974001,12,RICHARD SIMONS,I,*****,,Code: CNA,0 X 0,11/24/2022
6502 S 4TH AVE,845603,8,NEVILLE REID,III,V,SFD,Code: CNA,30 X 70,02/14/2019
11227 W LUCERNE AVE,984438,11,JAIME RIOS,II,*****,,Code: CNA,0 X 0,04/12/2023
19418 W ROSCOE BLVD,227196,3,RICHARD SIMONS,I,V,SFD,Code: CNA,20 X 40,05/19/2008
2137 N ALTA ST,863981,1,GABRIEL HERRERA,I,*****,SFD,Code: CNA,0 X 0,06/10/2019
315 N VERMONT AVE,788914,13,GABRIEL HERRERA,II,*****,COMMERCIAL,Code: CNA,0 X 0,10/25/2017
191 E VERNON AVE,742721,9,NEVILLE REID,II,V,COMMERCIAL,Code: CNA,30 X 80,04/25/2022
3814 W 58TH PL,755583,8,NEVILLE REID,III,V,SFD,Code: CNA,0 X 0,03/08/2017
529 E WASHINGTON BLVD,389055,14,GABRIEL HERRERA,II,III,CHURCH,Code: CNA,55 X 45,08/20/2010
1221 E 49TH ST,114753,9,NEVILLE REID,II,V,DUPLEX,Code: CNA,21 X 23,09/08/2004
4606 S 10TH AVE,979027,8,NEVILLE REID,II,V,SFD,Code: CNA,28 X 40,02/13/2023
2025 N BARNETT WAY,714235,14,GABRIEL HERRERA,I,V,SFD,Code: CNA,40 X 50,03/28/2016
4194 N SUNSWEPT DR,666412,2,RICHARD SIMONS,I,V,SFD,Code: CNA,0 X 0,11/21/2014
2239 W WASHINGTON BLVD,845308,10,JAIME RIOS,II,*****,COMMERCIAL,Code: CNA,0 X 0,02/11/2019
13461 W MERCER ST,801179,7,RICHARD SIMONS,I,*****,SFD,Code: CNA,0 X 0,01/18/2018
4867 W MELROSE AVE,903461,13,JAIME RIOS,II,*****,,Code: CNA,0 X 0,05/19/2021
904 S NORMANDIE AVE,897028,10,GABRIEL HERRERA,II,*****,SFD,Code: CNA,0 X 0,03/27/2020
1203 N ALVARADO ST,969163,13,GABRIEL HERRERA,II,*****,,Code: CNA,0 X 0,09/07/2022
15322 W VENTURA BLVD,205429,4,RICHARD SIMONS,I,*****,COMMERCIAL,Code: CNA,0 X 0,07/18/2007
843 E 87TH PL,864228,9,NEVILLE REID,III,V,SFD,Code: CNA,32 X 39,06/24/2019
4200 E YORK BLVD,809193,14,GABRIEL HERRERA,I,V,SFD,Code: CNA,38 X 40,03/29/2018
739 S PATTON AVE,640098,15,NEVILLE REID,III,V,SFD,Code: CNA,0 X 0,07/24/2014
8751 N VAN NUYS BLVD,979587,6,RICHARD SIMONS,I,V,COMMERCIAL,Code: CNA,0 X 0,02/23/2023
4411 N ALPHA ST,102187,14,GABRIEL HERRERA,I,V,SFD,Code: CNA,30 X 60,02/13/1995
18720 W REDWING ST,657408,3,RICHARD SIMONS,I,V,SFD,Code: CNA,45 X 60,08/29/2014
16433 W GLEDHILL ST,486215,12,RICHARD SIMONS,I,V,SFD,Code: CNA,30 X 50,12/12/2012
744 E 95TH ST,775153,8,NEVILLE REID,III,V,SFD,Code: CNA,0 X 0,07/03/2017
9544 S BANDERA ST,241732,15,NEVILLE REID,III,V,DUPLEX,Code: CNA,0 X 0,11/24/2008
1221 E 49TH ST,114753,9,NEVILLE REID,II,V,DUPLEX,Code: CNA,21 X 23,10/21/2008
732 W 81ST ST,186892,8,NEVILLE REID,III,V,SFD,Code: CNA,0 X 0,12/27/2006
1029 S FEDORA ST,218272,1,GABRIEL HERRERA,II,*****,SFD,Code: CNA,0 X 0,03/10/2008
4550 N GLORIA AVE,135952,5,RICHARD SIMONS,I,V,SFD,Code: CNA,128 X 65,03/29/2005
4313 S FLOWER ST,495890,9,GABRIEL HERRERA,II,V,SFD,Code: CNA,30 X 55,04/15/2013
1807 S STANFORD AVE,503731,14,GABRIEL HERRERA,II,V,RESTAURANT,Code: CNA,20 X 42,07/22/2013
19626 W NORDHOFF ST,979234,12,RICHARD SIMONS,I,*****,COMMERCIAL,Code: CNA,100 X 115,02/16/2023
1143 N LAVETA TER,290216,1,GABRIEL HERRERA,II,*****,SFD,Code: CNA,0 X 0,06/04/2009
4973 W 21ST ST,884801,10,JAIME RIOS,II,*****,SFD,Code: CNA,0 X 0,11/18/2019
2509 S RAYMOND AVE,898374,8,GABRIEL HERRERA,II,*****,SFD,Code: CNA,0 X 0,04/16/2020
23058 W CANZONET ST,435813,3,RICHARD SIMONS,I,V,SFD,Code: CNA,25 X 50,12/16/2011
3756 S SAWTELLE BLVD,844306,11,JAIME RIOS,II,V,SFD,Code: CNA,35 X 50,02/06/2019
22648 W CASS AVE,705699,3,RICHARD SIMONS,I,V,SFD,Code: CNA,30 X 45,12/25/2015
11126 S MAIN ST,972755,8,NEVILLE REID,III,V,COMMERCIAL,Code: CNA,107 X 40,11/01/2022
9300 W EXPOSITION BLVD,974190,5,JAIME RIOS,II,*****,,Code: CNA,0 X 0,11/28/2022
2959 S CRENSHAW BLVD,957948,10,JAIME RIOS,II,V,COMMERCIAL,Code: CNA,24 X 48,05/27/2022
3617 E FLORA AVE,102072,1,GABRIEL HERRERA,I,V,SFD,Code: CNA,20 X 34,05/27/2009
247 N BREED ST,101981,14,GABRIEL HERRERA,I,III,CHURCH,Code: CNA,71 X 91,07/29/1996
1027 S FEDORA ST,218267,1,GABRIEL HERRERA,II,*****,SFD,Code: CNA,0 X 0,03/10/2008
3762 S NORMANDIE AVE,967077,8,GABRIEL HERRERA,II,I,,Code: CNA,0 X 0,08/16/2022
1621 S SOTO ST,810898,14,GABRIEL HERRERA,III,III,WAREHOUSE,Code: CNA,76 X 300,04/13/2018
630 S WILTON PL,949474,10,JAIME RIOS,II,V,SFD,Code: CNA,40 X 40,04/07/2022
1301 S SOTO ST,969991,14,GABRIEL HERRERA,III,I,,Code: CNA,93 X 36,09/20/2022
14822 W SATICOY ST,957768,6,RICHARD SIMONS,I,*****,,Code: CNA,0 X 0,05/27/2022
19205 W INGOMAR ST,743823,3,RICHARD SIMONS,I,V,SFD,Code: CNA,45 X 60,11/15/2016
21048 W NASHVILLE ST,798394,12,RICHARD SIMONS,I,V,SFD,Code: CNA,0 X 0,12/19/2017
1065 W 190TH ST,839365,15,NEVILLE REID,III,V,SFD,Code: CNA,0 X 0,01/07/2019
1707 N BENEDICT CANYON DR,389464,5,JAIME RIOS,II,V,SFD,Code: CNA,40 X 45,12/14/2020
841 W 51ST ST,100136,9,NEVILLE REID,II,V,SFD,Code: CNA,0 X 0,03/25/1997
252 S JUNE ST,367787,4,JAIME RIOS,II,V,SFD,Code: CNA,0 X 0,09/27/2019
3134 E FAIRMOUNT ST,970574,14,GABRIEL HERRERA,I,V,,Code: CNA,0 X 0,09/20/2022
9544 S BANDERA ST,389362,15,NEVILLE REID,III,*****,SFD,Code: CNA,0 X 0,09/01/2010
1325 N ECHO PARK AVE,969933,13,GABRIEL HERRERA,II,*****,,Code: CNA,0 X 0,09/20/2022
3207 W OLYMPIC BLVD,985625,10,JAIME RIOS,II,*****,,Code: CNA,0 X 0,05/02/2023
14517 W VALERIO ST,842997,6,RICHARD SIMONS,I,*****,COMMERCIAL,Code: CNA,0 X 0,01/24/2019
15206 W EARLHAM ST,978389,11,JAIME RIOS,II,*****,SFD,Code: CNA,0 X 0,02/08/2023
8212 S WESTERN AVE,972351,8,NEVILLE REID,III,V,COMMERCIAL,Code: CNA,60 X 20,10/26/2022
8400 N AURA AVE,404661,12,RICHARD SIMONS,I,V,SFD,Code: CNA,30 X 45,02/01/2011
4957 N GREENBUSH AVE,775723,4,RICHARD SIMONS,I,V,SFD,Code: CNA,30 X 35,07/06/2017
6238 E ROY ST,369439,14,GABRIEL HERRERA,I,*****,SFD,Code: CNA,0 X 0,03/10/2010
705 W EL SEGUNDO BLVD,111072,15,NEVILLE REID,III,V,COMMERCIAL,Code: CNA,28 X 60,07/22/2004
1745 W 58TH ST,954032,8,NEVILLE REID,II,V,DUPLEX,Code: CNA,32 X 54,04/22/2022
5457 N ENCINO AVE,188491,5,RICHARD SIMONS,I,V,SFD,Code: CNA,50 X 65,01/26/2007
13219 W FILMORE ST,808118,7,RICHARD SIMONS,I,*****,SFD,Code: CNA,0 X 0,03/21/2018
1051 W 190TH ST,839113,15,NEVILLE REID,III,V,COMMERCIAL,Code: CNA,0 X 0,01/07/2019
2011 N VINEBURN AVE,974295,14,GABRIEL HERRERA,I,V,SFD,Code: CNA,30 X 35,11/29/2022
2420 N EASTERN AVE,808094,14,GABRIEL HERRERA,I,V,APT,Code: CNA,30 X 57,03/23/2018
4357 W VICTORIA PARK DR,931243,10,JAIME RIOS,II,*****,SFD,Code: CNA,0 X 0,04/15/2022
4357 W VICTORIA PARK DR,931243,10,JAIME RIOS,II,*****,SFD,Code: CNA,0 X 0,04/15/2022
19124 W KESWICK ST,596121,3,RICHARD SIMONS,I,V,SFD,Code: CNA,30 X 50,06/04/2014
19323 W LANARK ST,802404,3,RICHARD SIMONS,I,V,SFD,Code: CNA,0 X 0,01/29/2018
3603 E OLYMPIC BLVD,982414,14,GABRIEL HERRERA,I,*****,,Code: CNA,0 X 0,03/15/2023
1022 W 84TH ST,942671,8,NEVILLE REID,III,V,,Code: CNA,52 X 27,12/22/2021
824 W 52ND ST,849306,9,NEVILLE REID,II,*****,SFD,Code: CNA,0 X 0,03/14/2019
1116 S WESTMORELAND AVE,898375,1,GABRIEL HERRERA,II,*****,APT,Code: CNA,0 X 0,04/22/2020
3826 N SHEFFIELD AVE,185170,14,GABRIEL HERRERA,I,V,SFD,Code: CNA,26 X 66,12/15/2006
635 E SAN JUAN AVE,238844,11,JAIME RIOS,II,V,SFD,Code: CNA,26 X 24,11/20/2008
603 W PACIFIC COAST HWY,931835,15,NEVILLE REID,III,V,COMMERCIAL,Code: CNA,30 X 50,09/28/2021
8779 S HOBART BLVD,218566,8,NEVILLE REID,III,V,SFD,Code: CNA,0 X 0,03/14/2008
5343 N WILLIS AVE,893225,4,RICHARD SIMONS,I,V,SFD,Code: CNA,40 X 50,02/17/2020
14261 W JUDD ST,977146,6,RICHARD SIMONS,I,V,SFD,Code: CNA,0 X 0,02/02/2023
10711 S WESTERN AVE,206172,8,NEVILLE REID,III,*****,COMMERCIAL,Code: CNA,0 X 0,07/27/2007
815 E 108TH ST,174046,8,NEVILLE REID,III,V,COMMERCIAL,Code: CNA,28 X 93,07/21/2006
10636 S RUTHELEN ST,203824,8,NEVILLE REID,III,V,SFD,Code: CNA,33 X 36,06/13/2007
5400 S HOOPER AVE,833640,9,NEVILLE REID,II,*****,SFD,Code: CNA,0 X 0,11/01/2018
11627 S MAIN ST,746544,15,NEVILLE REID,III,*****,COMMERCIAL,Code: CNA,0 X 0,01/03/2017
626 W 17TH ST,232603,9,GABRIEL HERRERA,II,*****,APT,Code: CNA,0 X 0,08/12/2008
12150 W MIRANDA ST,984754,2,RICHARD SIMONS,I,*****,,Code: CNA,0 X 0,04/18/2023
15430 W ROSCOE BLVD,902606,6,SHAWN ESHBACH,I,*****,COMMERCIAL,Code: CNA,0 X 0,02/11/2021
467 N WALKER AVE,210923,15,NEVILLE REID,III,V,SFD,Code: CNA,0 X 0,10/12/2007
1404 W 7TH ST,116280,1,GABRIEL HERRERA,II,III,HOTEL/MOTEL,Code: CNA,60 X 130,09/24/2004
2006 W ELMORAN ST,984470,13,GABRIEL HERRERA,II,V,SFD,Code: CNA,46 X 30,04/12/2023
2657 N PASADENA AVE,898334,1,GABRIEL HERRERA,I,*****,COMMERCIAL,Code: CNA,0 X 0,04/21/2020
3124 N GRIFFIN AVE,215959,1,GABRIEL HERRERA,III,V,SFD,Code: CNA,0 X 0,01/24/2008
4319 S HOOVER ST,652495,9,GABRIEL HERRERA,II,V,COMMERCIAL,Code: CNA,20 X 36,08/18/2014
3377 W OLYMPIC BLVD,894155,4,JAIME RIOS,II,*****,,Code: CNA,0 X 0,02/25/2020
14242 W VICTORY BLVD,963772,6,RICHARD SIMONS,I,*****,,Code: CNA,0 X 0,07/06/2022
4938 N HESPERIA AVE,752766,5,RICHARD SIMONS,I,V,SFD,Code: CNA,25 X 40,02/15/2017
6114 S HARCOURT AVE,571291,8,NEVILLE REID,III,V,SFD,Code: CNA,35 X 35,04/15/2014
19348 W VENTURA BLVD,975656,3,RICHARD SIMONS,I,*****,,Code: CNA,0 X 0,01/05/2023
10875 N SAN FERNANDO ROAD,973804,7,RICHARD SIMONS,I,*****,,Code: CNA,0 X 0,11/23/2022
2229 W VENICE BLVD,922735,10,JAIME RIOS,II,*****,,Code: CNA,0 X 0,08/31/2021
8740 N PASO ROBLES AVE,445708,12,RICHARD SIMONS,I,V,SFD,Code: CNA,45 X 45,02/14/2012
2766 W JAMES M. WOOD BLVD,817101,1,GABRIEL HERRERA,II,V,APT,Code: CNA,25 X 50,06/11/2018
7411 S STANFORD AVE,973711,9,NEVILLE REID,III,*****,,Code: CNA,0 X 0,11/16/2022
1209 S 6TH AVE,932486,11,JAIME RIOS,II,*****,CHURCH,Code: CNA,0 X 0,10/01/2021
1083 N MILWAUKEE AVE,203718,14,GABRIEL HERRERA,I,V,SFD,Code: CNA,0 X 0,06/14/2007
13743 W VAN NUYS BLVD,838274,7,RICHARD SIMONS,I,*****,COMMERCIAL,Code: CNA,0 X 0,12/19/2018
3623 S BARBARA ST,671712,15,NEVILLE REID,III,*****,SFD,Code: CNA,0 X 0,02/02/2015
434 N ALVARADO ST,975830,13,GABRIEL HERRERA,II,V,,Code: ABTF,15 X 20,01/04/2023
2667 N PARADISE DR,149142,1,GABRIEL HERRERA,I,V,SFD,Code: CNA,37 X 53,09/12/2005
4128 E TELLURIDE ST,977874,14,GABRIEL HERRERA,I,V,,Code: CNA,25 X 25,02/02/2023
1519 E PLEASANT AVE,527571,14,GABRIEL HERRERA,I,V,HOTEL/MOTEL,Code: CNA,35 X 55,01/01/2014
1814 S FOX HILLS DR,884637,5,JAIME RIOS,II,V,APT,Code: CNA,80 X 60,11/27/2019
445 N PLYMOUTH BLVD,853523,4,JAIME RIOS,II,V,SFD,Code: CNA,30 X 35,04/15/2019
2441 E FOLSOM ST,916115,14,GABRIEL HERRERA,I,*****,SFD,Code: CNA,0 X 0,07/19/2021
9037 S RAMSGATE AVE,865112,11,JAIME RIOS,III,V,APT,Code: CNA,40 X 50,06/18/2019
16342 W TUBA ST,973289,12,RICHARD SIMONS,I,V,SFD,Code: CNA,25 X 30,11/14/2022
922 E 40TH PL,679299,9,GABRIEL HERRERA,II,V,SFD,Code: CNA,0 X 0,05/08/2015
5236 E BUCHANAN ST,950855,1,GABRIEL HERRERA,III,V,SFD,Code: CNA,0 X 0,03/21/2022
1712 E 41ST PL,971533,9,GABRIEL HERRERA,II,*****,,Code: CNA,0 X 0,10/11/2022
4082 S MAIN ST,902330,9,GABRIEL HERRERA,II,*****,DUPLEX,Code: CNA,0 X 0,02/05/2021
16919 W ROSCOE BLVD,963898,12,RICHARD SIMONS,I,I,,Code: CNA,0 X 0,07/11/2022
1311 S BEACON ST,745010,15,NEVILLE REID,III,V,SFD,Code: CNA,30 X 46,12/02/2016
2418 N EASTERN AVE,808159,14,GABRIEL HERRERA,I,V,APT,Code: CNA,30 X 57,03/23/2018
9451 S HARVARD BLVD,817736,8,NEVILLE REID,III,V,SFD,Code: CNA,30 X 40,06/14/2018
13923 W VANOWEN ST,985590,2,RICHARD SIMONS,I,*****,,Code: CNA,0 X 0,05/03/2023
,947547,15,NEVILLE REID,III,V,COMMERCIAL,Code: CNA,108 X 51,02/11/2022
332 W MUSEUM DR,211300,1,GABRIEL HERRERA,III,V,SFD,Code: CNA,33 X 30,10/31/2007
10019 N LEMONA AVE,881031,7,RICHARD SIMONS,I,V,SFD,Code: CNA,0 X 0,09/27/2019
310 E MILDRED AVE,478391,11,JAIME RIOS,II,V,SFD,Code: CNA,34 X 24,09/18/2012
1216 S MENLO AVE,966369,1,GABRIEL HERRERA,II,*****,SCHOOL,Code: CNA,30 X 146,08/08/2022
1627 S BEACON ST,657310,15,NEVILLE REID,III,*****,SFD,Code: CNA,0 X 0,08/22/2014
6616 S WEST BLVD,784802,8,NEVILLE REID,III,V,OFFICE,Code: CNA,12 X 12,10/26/2017
1454 W 59TH PL,900877,8,NEVILLE REID,III,V,SFD,Code: CNA,24 X 26,10/05/2020
14665 W ROSCOE BLVD,99400,6,RICHARD SIMONS,I,III,AUTO REPAIR,Code: CNA,0 X 0,11/09/2001
1832 N BURNELL DR,213607,1,GABRIEL HERRERA,III,V,SFD,Code: CNA,0 X 0,11/29/2007
1500 W ADAMS BLVD,984176,8,GABRIEL HERRERA,II,*****,,Code: CNA,0 X 0,04/07/2023
6517 N COLUMBUS AVE,800730,6,RICHARD SIMONS,I,V,SFD,Code: CNA,0 X 0,01/15/2018
6658 N COLBATH AVE,971531,2,RICHARD SIMONS,I,*****,,Code: CNA,39 X 32,10/12/2022
324 S ALVARADO ST,943515,1,GABRIEL HERRERA,II,I,,Code: CNA,68 X 51,12/29/2021
961 S ORME AVE,984523,14,GABRIEL HERRERA,I,V,SFD,Code: CNA,68 X 30,04/12/2023
1723 W 38TH ST,134612,8,JAIME RIOS,II,V,SFD,Code: CNA,30 X 45,03/10/2005
632 N AVENUE 56,658698,1,GABRIEL HERRERA,I,V,SFD,Code: CNA,28 X 50,09/23/2014
1046 N LANARK ST,786431,14,GABRIEL HERRERA,I,V,SFD,Code: CNA,30 X 36,09/29/2017
2443 E FOLSOM ST,921412,14,GABRIEL HERRERA,I,*****,SFD,Code: CNA,0 X 0,07/19/2021
9658 N BADEN AVE,215770,12,RICHARD SIMONS,I,V,SFD,Code: CNA,25 X 50,01/23/2008
2621 N JOHNSTON ST,107843,1,GABRIEL HERRERA,I,V,SFD,Code: CNA,40 X 45,05/28/2004
646 N NEW HIGH ST,971939,1,GABRIEL HERRERA,II,*****,,Code: CNA,0 X 0,10/18/2022
1301 W 46TH ST,313184,9,NEVILLE REID,II,V,SFD,Code: CNA,30 X 35,09/09/2009
7701 S HARVARD BLVD,978920,8,NEVILLE REID,III,V,SFD,Code: CNA,40 X 30,02/10/2023
358 S BROADWAY,715856,14,GABRIEL HERRERA,II,III,COMMERCIAL,Code: CNA,65 X 100,04/13/2016
1239 S LA JOLLA AVE,983753,5,JAIME RIOS,II,*****,,Code: CNA,0 X 0,03/31/2023
10721 S BROADWAY,905403,8,RYAN TAGUINES,III,*****,,Code: PPRT,0 X 0,03/10/2021
649 N NORTH SPRING ST,942639,1,GABRIEL HERRERA,II,V,COMMERCIAL,Code: CNA,46 X 166,12/20/2021
1154 W 67TH ST,971394,8,NEVILLE REID,III,V,SFD,Code: CNA,18 X 16,10/14/2022
12721 W FILMORE ST,905471,7,RICHARD SIMONS,I,*****,,Code: CNA,0 X 0,03/19/2021
7012 N LA TIJERA BLVD,962110,11,JAIME RIOS,III,V,,Code: CNA,49 X 55,06/23/2022
1159 W HUNTLEY DR,669171,1,GABRIEL HERRERA,II,II-FR,PARKING LOT,Code: CNA,0 X 0,12/11/2014
3029 S HILLCREST DR,430973,10,JAIME RIOS,II,V,SFD,Code: CNA,0 X 0,10/19/2011
3115 E ARVIA ST,968765,1,GABRIEL HERRERA,III,V,,Code: CNA,60 X 35,09/02/2022
1020 W BARTLETT ST,975902,1,GABRIEL HERRERA,II,V,SFD,Code: CNA,15 X 46,01/04/2023
21055 W INGOMAR ST,892192,3,RICHARD SIMONS,I,V,SFD,Code: CNA,0 X 0,02/05/2020
685 E 51ST ST,865415,9,NEVILLE REID,II,V,SFD,Code: CNA,32 X 32,06/18/2019
2651 N PASADENA AVE,977044,1,GABRIEL HERRERA,I,V,COMMERCIAL,Code: CNA,18 X 24,01/26/2023
6710 S WESTERN AVE,103274,8,NEVILLE REID,III,V,COMMERCIAL,Code: CNA,32 X 60,09/21/2005
8151 W MELROSE AVE,978392,5,JAIME RIOS,II,*****,COMMERCIAL,Code: CNA,0 X 0,02/10/2023
10709 S WESTERN AVE,206168,8,NEVILLE REID,III,V,COMMERCIAL,Code: CNA,0 X 0,07/27/2007
1329 W 54TH ST,401131,9,NEVILLE REID,II,*****,SFD,Code: CNA,0 X 0,11/19/2010
4200 W 28TH ST,203820,10,JAIME RIOS,II,V,APT,Code: CNA,20 X 40,06/15/2007
4924 S CENTRAL AVE,931992,9,NEVILLE REID,II,V,COMMERCIAL,Code: CNA,22 X 22,09/29/2021
1057 E 23RD ST,675283,9,GABRIEL HERRERA,II,V,SFD,Code: CNA,0 X 0,03/05/2015
1175 N STONE ST,986038,14,GABRIEL HERRERA,I,*****,,Code: CNA,0 X 0,05/11/2023
1845 N MANDEVILLE CANYON ROAD,986072,11,JAIME RIOS,II,*****,,Code: CNA,0 X 0,05/15/2023
4143 S VAN NESS AVE,986034,8,JAIME RIOS,II,*****,,Code: CNA,0 X 0,05/11/2023
2037 W JEFFERSON BLVD,987010,10,JAIME RIOS,II,*****,,Code: CNA,0 X 0,05/16/2023
2121 S LINCOLN BLVD,987160,11,JAIME RIOS,II,III,COMMERCIAL,Code: CNA,90 X 50,05/23/2023
611 W 41ST PL,987914,9,GABRIEL HERRERA,II,V,SFD,Code: CNA,30 X 35,05/31/2023
1610 S BENTLEY AVE,901031,5,JAIME RIOS,II,*****,,Code: CNA,0 X 0,12/16/2020
14876 W RAYMER ST,988261,6,RICHARD SIMONS,I,*****,,Code: CNA,0 X 0,06/08/2023
611 W 41ST PL,987915,9,GABRIEL HERRERA,II,V,SFD,Code: CNA,40 X 47,05/31/2023
517 S GRAND AVE,988141,15,NEVILLE REID,III,V,SFD,Code: CNA,35 X 48,06/09/2023
15554 W ROSCOE BLVD,987205,6,RICHARD SIMONS,I,*****,RESTAURANT,Code: CNA,82 X 43,05/24/2023
360 E 42ND PL,989593,9,NEVILLE REID,II,V,SFD,Code: CNA,50 X 30,07/03/2023
421 E 76TH ST,988810,9,NEVILLE REID,III,V,SFD,Code: CNA,16 X 20,06/21/2023
328 N ROBINSON ST,989041,13,GABRIEL HERRERA,II,*****,,Code: CNA,0 X 0,06/22/2023
1537 W CAMBRIA ST,989360,1,GABRIEL HERRERA,II,V,APT,Code: CNA,0 X 0,06/29/2023
2426 W AVENUE 30,988952,1,GABRIEL HERRERA,III,V,SFD,Code: CNA,40 X 38,06/21/2023
10965 S HOOVER ST,721417,8,NEVILLE REID,III,*****,SFD,Code: CNA,0 X 0,06/02/2023
329 E GAGE AVE,989835,9,NEVILLE REID,III,*****,,Code: CNA,0 X 0,07/07/2023
326 N ROBINSON ST,989040,13,GABRIEL HERRERA,II,*****,,Code: CNA,0 X 0,06/22/2023
22250 W STRATHERN ST,988511,3,RICHARD SIMONS,I,V,SFD,Code: CNA,48 X 60,06/13/2023
330 N ROBINSON ST,989042,13,GABRIEL HERRERA,II,*****,,Code: CNA,0 X 0,06/22/2023
11716 W RIVERSIDE DR,188752,2,RICHARD SIMONS,I,V,SFD,Code: CNA,30 X 30,06/23/2023
8415 N MCNULTY AVE,989496,3,RICHARD SIMONS,I,*****,,Code: CNA,0 X 0,07/03/2023
13305 W ARMINTA ST,988824,2,RICHARD SIMONS,I,V,SFD,Code: CNA,78 X 35,06/20/2023
848 N DETROIT ST,990015,5,JAIME RIOS,II,*****,,Code: CNA,0 X 0,07/13/2023
4165 N LANKERSHIM BLVD,991136,2,RICHARD SIMONS,I,*****,,Code: CNA,0 X 0,08/03/2023
8737 S READING AVE,990246,11,JAIME RIOS,III,*****,,Code: CNA,0 X 0,07/18/2023
2043 W JEFFERSON BLVD,990812,10,JAIME RIOS,II,*****,,Code: CNA,0 X 0,08/02/2023
7717 N BELLAIRE AVE,990747,2,RICHARD SIMONS,I,V,SFD,Code: CNA,0 X 0,07/27/2023
852 N DETROIT ST,989999,5,JAIME RIOS,II,*****,,Code: CNA,0 X 0,07/13/2023
9957 N DELCO AVE,991166,12,RICHARD SIMONS,I,*****,,Code: CNA,0 X 0,08/03/2023
635 E SAN JUAN AVE,238844,11,JAIME RIOS,II,V,SFD,Code: CNA,26 X 24,07/19/2023
8930 S READING AVE,991383,11,JAIME RIOS,III,*****,,Code: CNA,0 X 0,08/07/2023
4120 S NORMANDIE AVE,989845,9,GABRIEL HERRERA,II,V,DUPLEX,Code: CNA,40 X 55,07/10/2023
3999 N FREDONIA DR,991138,4,RICHARD SIMONS,I,*****,,Code: CNA,0 X 0,08/03/2023
23720 W HARTLAND ST,990594,12,RICHARD SIMONS,I,*****,,Code: CNA,0 X 0,07/28/2023
17548 W LUDLOW ST,990314,12,RICHARD SIMONS,I,V,SFD,Code: CNA,0 X 0,07/20/2023
4924 S CENTRAL AVE,931992,9,NEVILLE REID,II,V,COMMERCIAL,Code: CNA,22 X 22,07/06/2023
147 N RENO ST,990809,13,GABRIEL HERRERA,II,V,SFD,Code: CNA,60 X 35,07/26/2023
698 S IROLO ST,990022,10,JAIME RIOS,II,*****,,Code: CNA,0 X 0,07/13/2023
848 N FULLER AVE,990385,5,JAIME RIOS,II,*****,,Code: CNA,0 X 0,07/19/2023
9080 N WOODMAN AVE,990266,6,RICHARD SIMONS,I,V,COMMERCIAL,Code: CNA,35 X 90,07/20/2023
17150 W SHERMAN WAY,990476,6,RICHARD SIMONS,I,V,SFD,Code: CNA,40 X 40,07/27/2023
10418 N JARDINE AVE,937488,7,GLEN RAND,I,V,SFD,Code: CNA,0 X 0,11/11/2021
2170 N STANLEY HILLS DR,873148,4,GLEN RAND,II,V,SFD,Code: CNA,0 X 0,08/13/2019
8100 W WILLOW GLEN ROAD,858457,4,GLEN RAND,II,V,SFD,Code: CNA,0 X 0,05/08/2019
2529 N WOODSTOCK ROAD,102903,4,GLEN RAND,II,V,SFD,Code: CNA,35 X 55,09/11/2003
5020 W SUNSET BLVD,900142,13,GLEN RAND,II,V,COMMERCIAL,Code: CNA,0 X 0,02/02/2021
10936 W OTSEGO ST,970110,2,GLEN RAND,I,*****,,Code: CNA,0 X 0,09/20/2022
8809 N SUNLAND BLVD,952884,6,GLEN RAND,I,V,COMMERCIAL,Code: CNA,0 X 0,07/11/2022
2509 N WOODSTOCK ROAD,102901,4,GLEN RAND,II,V,SFD,Code: CNA,45 X 50,06/08/2007
837 N LUCILE AVE,955571,13,GLEN RAND,II,V,SFD,Code: CNA,0 X 0,05/12/2022
904 S ARDMORE AVE,992831,10,JAIME RIOS,II,*****,,Code: CNA,0 X 0,09/05/2023
8153 N SAN FERNANDO ROAD,804076,6,GLEN RAND,I,I,COMMERCIAL,Code: CNA,0 X 0,02/08/2018
5944 W BARTON AVE,851386,13,GLEN RAND,II,*****,DUPLEX,Code: CNA,0 X 0,05/18/2023
16037 W MIAMI WAY,992734,11,JAIME RIOS,II,*****,,Code: CNA,0 X 0,09/01/2023
1241 N BRONSON AVE,865829,13,GLEN RAND,II,V,SFD,Code: CNA,0 X 0,05/18/2023
3959 E SEQUOIA ST,700881,13,GLEN RAND,III,V,SFD,Code: CNA,0 X 0,11/05/2015
2170 N STANLEY HILLS DR,214175,4,GLEN RAND,II,V,SFD,Code: CNA,0 X 0,08/13/2019
5952 W BARTON AVE,849579,13,GLEN RAND,II,*****,DUPLEX,Code: CNA,0 X 0,03/18/2019
1712 E 41ST PL,971533,9,GABRIEL HERRERA,II,*****,,Code: CNA,0 X 0,08/24/2023
4002 N VERDUGO ROAD,991167,13,GLEN RAND,I,V,CHURCH,Code: CNA,0 X 0,08/02/2023
4151 S BROADWAY,991651,9,GABRIEL HERRERA,II,*****,,Code: CNA,0 X 0,07/31/2023
2398 N GLOAMING WAY,678527,4,GLEN RAND,II,V,SFD,Code: CNA,0 X 0,04/27/2015
1810 N CAHUENGA BLVD,986766,13,GLEN RAND,II,V,SFD,Code: CNA,0 X 0,05/18/2023
2534 N BENEDICT CANYON DR,768059,5,GLEN RAND,II,V,SFD,Code: CNA,60 X 40,05/17/2017
10575 W VINEDALE ST,975186,7,GLEN RAND,I,V,SFD,Code: CNA,0 X 0,12/26/2022
8022 N VINELAND AVE,985430,6,GLEN RAND,I,V,RESTAURANT,Code: CNA,0 X 0,04/27/2023
2521 N WOODSTOCK ROAD,102904,4,GLEN RAND,II,V,SFD,Code: CNA,35 X 55,06/08/2007
2513 N WOODSTOCK ROAD,102900,4,GLEN RAND,II,V,SFD,Code: CNA,40 X 60,09/11/2003
1839 N KENMORE AVE,907493,4,GLEN RAND,II,V,SFD,Code: CNA,0 X 0,05/17/2021
7321 N VINELAND AVE,992627,2,GLEN RAND,I,V,APT,Code: CNA,0 X 0,08/30/2023
10720 W MOORPARK ST,810359,4,GLEN RAND,I,V,SFD,Code: CNA,0 X 0,04/04/2018
5164 W ROMAINE ST,968310,13,GLEN RAND,II,V,SFD,Code: CNA,0 X 0,08/30/2022
5024 W SUNSET BLVD,902280,13,GLEN RAND,II,V,APT,Code: CNA,0 X 0,03/08/2021
1337 N ORANGE DR,918833,4,GLEN RAND,II,V,SFD,Code: CNA,0 X 0,06/29/2021
8739 S READING AVE,992995,11,JAIME RIOS,III,*****,,Code: CNA,0 X 0,09/07/2023
6243 W DEERWOOD TR,791558,7,GLEN RAND,I,V,SHED,Code: CNA,0 X 0,11/13/2017
9009 N LAUREL CANYON BLVD,982908,6,GLEN RAND,I,I,,Code: CNA,0 X 0,03/21/2023
2509 N WOODSTOCK ROAD,102901,4,GLEN RAND,II,V,SFD,Code: CNA,45 X 50,09/10/2003
8157 N SAN FERNANDO ROAD,988674,6,GLEN RAND,I,III,COMMERCIAL,Code: CNA,0 X 0,06/08/2023
11539 N JEFF AVE,991848,7,GLEN RAND,I,V,SFD,Code: CNA,0 X 0,08/15/2023
6914 N BECK AVE,292064,2,GLEN RAND,I,V,COMMERCIAL,Code: CNA,0 X 0,06/10/2009
4151 S BROADWAY,991651,9,GABRIEL HERRERA,II,*****,,Code: CNA,0 X 0,08/03/2023
8040 W FOOTHILL BLVD,125018,7,GLEN RAND,I,V,COMMERCIAL,Code: CNA,450 X 200,11/15/2004
5946 W BARTON AVE,860006,13,GLEN RAND,II,V,DUPLEX,Code: CNA,0 X 0,05/18/2023
1369 N BEVERLY DR,785381,4,GLEN RAND,II,V,SFD,Code: CNA,45 X 50,10/03/2017
10455 N SUNLAND BLVD,943343,7,GLEN RAND,I,V,COMMERCIAL,Code: CNA,0 X 0,02/09/2022
2505 N WOODSTOCK ROAD,102902,4,GLEN RAND,II,V,SFD,Code: CNA,0 X 0,06/08/2007
13748 W VENTURA BLVD,962937,4,GLEN RAND,I,V,COMMERCIAL,Code: CNA,0 X 0,07/01/2022
6142 N HAZELHURST PL,872100,2,GLEN RAND,I,V,DUPLEX,Code: CNA,30 X 45,07/31/2019
1243 N BRONSON AVE,865828,13,GLEN RAND,II,V,SFD,Code: CNA,0 X 0,05/11/2023
11003 W MOORPARK ST,974673,2,GLEN RAND,I,III,COMMERCIAL,Code: CNA,0 X 0,12/12/2022
11222 W VENTURA BLVD,476208,2,GLEN RAND,I,V,COMMERCIAL,Code: CNA,0 X 0,08/15/2012
1442 N MARIPOSA AVE,899685,13,GLEN RAND,II,V,SFD,Code: CNA,20 X 30,02/02/2021
11683 W ERWIN ST,799177,2,GLEN RAND,I,V,APT,Code: CNA,0 X 0,01/01/2018
4139 N GREENBUSH AVE,243734,4,GLEN RAND,I,V,SFD,Code: CNA,35 X 45,12/24/2008
5254 N RIVERTON AVE,776811,2,GLEN RAND,I,V,APT,Code: CNA,0 X 0,07/17/2017
3257 N PRIMERA AVE,822571,4,GLEN RAND,II,V,DUPLEX,Code: CNA,35 X 85,08/06/2018
12031 W SHERMAN ROAD,991830,2,GLEN RAND,I,III,WAREHOUSE,Code: CNA,0 X 0,08/14/2023
9443 W SIERRA MAR PL,481917,4,GLEN RAND,II,V,SFD,Code: CNA,0 X 0,10/24/2012
8175 N SAN FERNANDO ROAD,988672,6,GLEN RAND,I,III,COMMERCIAL,Code: CNA,0 X 0,06/08/2023
826 N NORMANDIE AVE,989780,13,GLEN RAND,II,V,SFD,Code: CNA,0 X 0,07/06/2023
1919 N ROSALIA ROAD,971452,4,GLEN RAND,II,V,SFD,Code: CNA,0 X 0,10/11/2022
7636 W FOOTHILL BLVD,951424,7,GLEN RAND,I,V,COMMERCIAL,Code: CNA,0 X 0,03/31/2022
123 N HARVARD BLVD,992227,10,JAIME RIOS,II,*****,,Code: CNA,0 X 0,08/22/2023
2529 N WOODSTOCK ROAD,102903,4,GLEN RAND,II,V,SFD,Code: CNA,35 X 55,06/08/2007
725 E 27TH ST,991864,9,GABRIEL HERRERA,II,V,APT,Code: CNA,41 X 105,08/15/2023
7315 N VINELAND AVE,992584,2,GLEN RAND,I,V,SFD,Code: CNA,0 X 0,08/30/2023
9630 N VENA AVE,992813,6,RICHARD SIMONS,I,V,SFD,Code: CNA,0 X 0,09/07/2023
1708 N LINCOLN BLVD,992542,11,JAIME RIOS,II,*****,,Code: CNA,0 X 0,08/29/2023
5254 N RIVERTON AVE,776813,2,GLEN RAND,I,V,SFD,Code: CNA,0 X 0,07/17/2017
2513 N WOODSTOCK ROAD,102900,4,GLEN RAND,II,V,SFD,Code: CNA,40 X 60,06/08/2007
4839 E BALTIMORE ST,991553,1,GABRIEL HERRERA,III,V,SFD,Code: CNA,22 X 78,08/09/2023
1442 N MARIPOSA AVE,899685,13,GLEN RAND,II,V,SFD,Code: CNA,20 X 30,08/28/2020
9967 W FOOTHILL BLVD,660807,7,GLEN RAND,I,*****,SFD,Code: CNA,0 X 0,10/20/2014
10629 W LANDALE ST,916310,4,GLEN RAND,I,V,SFD,Code: CNA,0 X 0,06/08/2021
3947 N FREDONIA DR,917438,4,GLEN RAND,I,*****,,Code: CNA,0 X 0,06/11/2021
5036 N VINELAND AVE,955377,2,GLEN RAND,I,V,DUPLEX,Code: CNA,0 X 0,05/11/2022
2505 N WOODSTOCK ROAD,102902,4,GLEN RAND,II,V,SFD,Code: CNA,0 X 0,09/10/2003
2200 N NICHOLS CANYON ROAD,763500,4,GLEN RAND,II,V,SFD,Code: CNA,0 X 0,04/19/2017
1241 N BRONSON AVE,865829,13,GLEN RAND,II,V,SFD,Code: CNA,0 X 0,06/20/2019
667 E BROADWAY,813991,11,JAIME RIOS,II,V,SFD,Code: CNA,25 X 30,08/21/2023
6362 W HOLLYWOOD BLVD,828098,13,GLEN RAND,II,III,COMMERCIAL,Code: CNA,50 X 150,09/21/2018
6144 N HAZELHURST PL,893016,2,GLEN RAND,I,V,SFD,Code: CNA,0 X 0,02/13/2020
1243 N BRONSON AVE,865828,13,GLEN RAND,II,V,SFD,Code: CNA,0 X 0,06/20/2019
3953 E SEQUOIA ST,700876,13,GLEN RAND,III,V,DUPLEX,Code: CNA,0 X 0,11/05/2015
10465 N LAS LUNITAS AVE,99207,7,GLEN RAND,I,V,SFD,Code: CNA,30 X 40,07/04/2003
255 S RENO ST,992963,13,GABRIEL HERRERA,II,*****,,Code: CNA,0 X 0,09/07/2023
645 N GARDNER ST,992520,5,JAIME RIOS,II,V,SFD,Code: CNA,55 X 34,08/29/2023
3243 N DREW ST,856224,13,GLEN RAND,III,*****,SFD,Code: CNA,0 X 0,04/25/2019
8174 W LAURELMONT DR,506769,4,GLEN RAND,II,V,SFD,Code: CNA,0 X 0,08/06/2013
5517 W SAN VICENTE BLVD,992510,5,JAIME RIOS,II,III,COMMERCIAL,Code: CNA,104 X 114,08/28/2023
8351 W KIRKWOOD DR,706333,4,GLEN RAND,II,V,SFD,Code: CNA,0 X 0,01/04/2016
5944 W BARTON AVE,851386,13,GLEN RAND,II,*****,DUPLEX,Code: CNA,0 X 0,04/02/2019
779 N ALEXANDRIA AVE,815356,13,GLEN RAND,II,V,SFD,Code: CNA,38 X 46,07/30/2022
10439 W TUXFORD ST,921557,7,GLEN RAND,I,V,SFD,Code: CNA,0 X 0,07/21/2021
779 N ALEXANDRIA AVE,815356,13,GLEN RAND,II,V,SFD,Code: CNA,38 X 46,05/16/2018
11325 W MIRANDA ST,847507,2,GLEN RAND,I,V,SFD,Code: CNA,28 X 40,02/28/2019
9642 N VENA AVE,992958,6,RICHARD SIMONS,I,*****,,Code: CNA,0 X 0,09/14/2023
1414 N LAS PALMAS AVE,866382,13,GLEN RAND,II,V,DUPLEX,Code: CNA,0 X 0,06/26/2019
1305 N SYCAMORE AVE,939349,4,GLEN RAND,II,V,SFD,Code: CNA,0 X 0,11/24/2021
5946 W BARTON AVE,860006,13,GLEN RAND,II,V,DUPLEX,Code: CNA,0 X 0,05/16/2019
5020 W SUNSET BLVD,900142,13,GLEN RAND,II,V,COMMERCIAL,Code: CNA,0 X 0,02/03/2021
1773 N SICHEL ST,991598,14,GABRIEL HERRERA,III,III,COMMERCIAL,Code: CNA,160 X 84,08/10/2023
4020 W CLAYTON AVE,974063,4,GLEN RAND,II,V,SFD,Code: CNA,0 X 0,11/24/2022
10927 W OTSEGO ST,813389,2,GLEN RAND,I,V,SFD,Code: CNA,0 X 0,04/27/2018
6736 W FOOTHILL BLVD,204384,7,GLEN RAND,I,V,COMMERCIAL,Code: CNA,0 X 0,06/25/2007
5944 W BARTON AVE,849458,13,GLEN RAND,II,*****,APT,Code: CNA,0 X 0,03/18/2019
1232 N TAMARIND AVE,954956,13,GLEN RAND,II,V,SFD,Code: CNA,0 X 0,05/04/2022
5110 N BAKMAN AVE,889276,2,GLEN RAND,I,V,APT,Code: CNA,0 X 0,12/23/2019
10716 W MOORPARK ST,955131,2,GLEN RAND,I,V,SFD,Code: CNA,0 X 0,05/06/2022
6224 N LAUREL CANYON BLVD,424447,2,GLEN RAND,I,V,COMMERCIAL,Code: CNA,0 X 0,07/28/2011
11352 W HENDLEY DR,669794,2,GLEN RAND,I,V,SFD,Code: CNA,0 X 0,12/30/2014
5020 W SUNSET BLVD,900142,13,GLEN RAND,II,V,COMMERCIAL,Code: CNA,0 X 0,08/28/2020
12136 W KESWICK ST,428206,2,GLEN RAND,I,V,OTHER,Code: CNA,0 X 0,09/21/2011
1247 N BRONSON AVE,865830,13,GLEN RAND,II,V,DUPLEX,Code: CNA,0 X 0,06/20/2019
1754 N SUNSET PLAZA DR,991357,4,GLEN RAND,II,V,SFD,Code: CNA,0 X 0,08/04/2023
27 E OZONE AVE,991853,11,JAIME RIOS,II,*****,,Code: CNA,0 X 0,08/15/2023
5034 N VINELAND AVE,989655,2,GLEN RAND,I,V,COMMERCIAL,Code: CNA,0 X 0,07/05/2023
9701 W SOMBRA TER,871367,7,GLEN RAND,I,V,SFD,Code: CNA,0 X 0,07/29/2019
9011 N LAUREL CANYON BLVD,982992,6,GLEN RAND,I,V,SFD,Code: CNA,0 X 0,03/21/2023
1163 N BERENDO ST,986714,13,GLEN RAND,II,V,SFD,Code: CNA,0 X 0,05/18/2023
1706 E 41ST PL,971532,9,GABRIEL HERRERA,II,V,,Code: CNA,0 X 0,08/24/2023
1332 N FAIRFAX AVE,992550,13,GLEN RAND,II,V,SFD,Code: CNA,0 X 0,08/29/2023
5944 W BARTON AVE,849458,13,GLEN RAND,II,*****,APT,Code: CNA,0 X 0,05/18/2023
779 N ALEXANDRIA AVE,815356,13,GLEN RAND,II,V,SFD,Code: CNA,38 X 46,11/04/2021
5024 W SUNSET BLVD,902280,13,GLEN RAND,II,V,APT,Code: CNA,0 X 0,02/08/2021
1440 N MARIPOSA AVE,899688,13,GLEN RAND,II,V,SFD,Code: CNA,20 X 30,08/28/2020
8675 W APPIAN WAY,319123,4,GLEN RAND,II,V,SFD,Code: CNA,0 X 0,09/23/2009
7035 W FLORAMORGAN TR,972819,7,GLEN RAND,I,V,SFD,Code: CNA,0 X 0,11/02/2022
1121 N SANBORN AVE,975672,13,GLEN RAND,II,V,SFD,Code: CNA,0 X 0,01/02/2023
5952 W BARTON AVE,849577,13,GLEN RAND,II,*****,SFD,Code: CNA,0 X 0,03/18/2019
6260 W SUNSET BLVD,987837,13,GLEN RAND,II,III,,Code: CNA,41 X 68,07/12/2023
5952 W BARTON AVE,849577,13,GLEN RAND,II,*****,SFD,Code: CNA,0 X 0,05/18/2023
6060 W CARLTON WAY,218017,13,GLEN RAND,II,*****,COMMERCIAL,Code: CNA,0 X 0,03/07/2008
11687 W ERWIN ST,799176,2,GLEN RAND,I,V,APT,Code: CNA,0 X 0,01/01/2018
1017 N HELIOTROPE DR,901708,13,GLEN RAND,II,V,CHURCH,Code: CNA,0 X 0,11/18/2020
12136 W KESWICK ST,412406,2,GLEN RAND,I,V,SFD,Code: CNA,0 X 0,04/14/2011
5038 N VINELAND AVE,962362,2,GLEN RAND,I,V,COMMERCIAL,Code: CNA,0 X 0,07/05/2022
11228 W BLIX ST,967322,2,GLEN RAND,I,V,SFD,Code: CNA,0 X 0,08/18/2022
13905 W MILBANK ST,873570,4,GLEN RAND,I,V,SFD,Code: CNA,0 X 0,08/08/2019
5859 N CEDROS AVE,993047,4,RICHARD SIMONS,I,V,SFD,Code: CNA,0 X 0,09/15/2023
7656 W FOOTHILL BLVD,951473,7,GLEN RAND,I,V,COMMERCIAL,Code: CNA,0 X 0,03/31/2022
7716 W GROVE ST,232632,7,GLEN RAND,I,V,SFD,Code: CNA,45 X 45,08/13/2008
2521 N WOODSTOCK ROAD,102904,4,GLEN RAND,II,V,SFD,Code: CNA,35 X 55,09/10/2003
10724 W MOORPARK ST,912473,4,GLEN RAND,I,V,SFD,Code: CNA,0 X 0,05/25/2021
5952 W BARTON AVE,849579,13,GLEN RAND,II,*****,DUPLEX,Code: CNA,0 X 0,05/18/2023
3728 N BERRY DR,202783,2,GLEN RAND,I,V,SFD,Code: CNA,0 X 0,06/04/2007
8143 N SAN FERNANDO ROAD,804074,6,GLEN RAND,I,I,COMMERCIAL,Code: CNA,0 X 0,02/08/2018
1247 N BRONSON AVE,865830,13,GLEN RAND,II,V,DUPLEX,Code: CNA,0 X 0,05/18/2023
8165 N SAN FERNANDO ROAD,774056,6,GLEN RAND,I,I,COMMERCIAL,Code: CNA,0 X 0,06/22/2017
1119 N SANBORN AVE,744394,13,GLEN RAND,II,V,DUPLEX,Code: CNA,31 X 46,11/15/2016
653 E 43RD PL,992458,9,NEVILLE REID,II,V,SFD,Code: CNA,24 X 32,08/28/2023
640 N RESOLANO DR,992709,11,JAIME RIOS,II,V,SFD,Code: CNA,87 X 38,09/01/2023
752 E 17TH ST,992694,14,GABRIEL HERRERA,II,*****,,Code: CNA,0 X 0,08/31/2023
6439 N LANKERSHIM BLVD,820167,2,GLEN RAND,I,V,RESTAURANT,Code: CNA,0 X 0,07/18/2018
2170 N STANLEY HILLS DR,214175,4,GLEN RAND,II,V,SFD,Code: CNA,0 X 0,12/14/2007
1159 N BERENDO ST,967711,13,GLEN RAND,II,V,SFD,Code: CNA,0 X 0,08/24/2022
